{
  "project_info": {
    "project_number": "547702623185",
    "project_id": "palacare-4a7f1",
    "storage_bucket": "palacare-4a7f1.firebasestorage.app"
  },
  "client": [
    {
      "client_info": {
        "mobilesdk_app_id": "1:547702623185:android:5570ef842b3503c4f42ef0",
        "android_client_info": {
          "package_name": "com.example.panduan"
        }
      },
      "oauth_client": [],
      "api_key": [
        {
          "current_key": "AIzaSyBQUISgbiMuAsFJJLmhENdxYtMgB523ScA"
        }
      ],
      "services": {
        "appinvite_service": {
          "other_platform_oauth_client": []
        }
      }
    }
  ],
  "configuration_version": "1"
}